Issue Type,Summary,Description,Priority,Status,Story Points,Epic Name,Epic Link
Epic,Gouvernance & Setup Clean Core,"Mettre en place le socle de sécurité pour autoriser l'extensibilité In-App (Tier 1) sans donner accès au workbench ABAP classique (SE80).",High,DONE,5,EPIC-01: Gouvernance Clean Core,
Story,Vérification des Rôles Fiori & Catalogues,"En tant qu'administrateur système, je veux vérifier et assigner les rôles Key User Extensibility afin que l'équipe puisse modéliser des applications Fiori dans le Web.\n\nCritère de validation : Accès à F1712 sans erreur.",High,DONE,2,,EPIC-01: Gouvernance Clean Core
Epic,Modélisation Données & Génération de l'App Fiori,"Créer l'objet métier de demande de matériel et générer automatiquement l'API OData et l'application Fiori Elements en 1 clic.",Highest,IN PROGRESS,8,EPIC-02: Modélisation CBO,
Story,Création du Custom Business Object YY1_EQUIPMENTREQUEST,"En tant que salarié de l'entreprise, je veux disposer d'une application Fiori intuitive pour saisir mes demandes d'équipement informatiques en télétravail.\n\nTâches : Créer l'objet, cocher UI Generation et Service Generation, ajouter les 5 champs (Demandeur, Service, Matériel, Prix, Statut).",Highest,IN PROGRESS,5,,EPIC-02: Modélisation CBO
Epic,Logique Métier In-App & Adaptation UI,"Enrichir le comportement de l'application (calculs par défaut) et améliorer l'ergonomie visuelle sans écrire de code JavaScript.",High,TO DO,5,EPIC-03: Logique & UI,
Story,Implémentation du BAdI de Statut par Défaut,"En tant que manager, je veux que toute nouvelle demande soit automatiquement tagguée avec le statut 'NEW' afin de faciliter le filtrage.\n\nTâches : Créer une Determination 'After Modification' avec la logique ABAP Sandbox.",High,TO DO,2,,EPIC-03: Logique & UI
Story,Réorganisation Ergonomique via UI Adaptation,"En tant qu'utilisateur final, je veux un tableau de bord où les colonnes les plus importantes (Statut, Demandeur, Prix) sont affichées en premier.\n\nTâches : Utiliser Adapt UI par glisser-déposer et publier pour tous.",Medium,TO DO,3,,EPIC-03: Logique & UI
Epic,Sécurité Autorisations & Recette UAT,"Assigner l'application aux catalogues des utilisateurs finaux et valider le fonctionnement global par un scénario de test d'acceptation (UAT).",High,TO DO,5,EPIC-04: Recette & UAT,
Story,Publication dans le Launchpad (PFCG / Catalogues),"En tant que salarié, je veux voir la tuile 'Equipment Request' directement sur ma page d'accueil Fiori afin d'y accéder en un clic.\n\nTâches : Assigner YY1_EQUIPMENTREQUEST au catalogue RH dans F1484 et tester en UAT.",High,TO DO,5,,EPIC-04: Recette & UAT
